Workbook

Sheet READ ME FIRST
A1: Mission Zero — judging workbook
A2: Rubric v1.0 — 13 September 2026
A5: How this is scored
A6: Every pillar is scored 0–5. The weighted total is a formula — do not type over it. Weights come from the rubric published to entrants, so this sheet and that page cannot disagree.
A7: 0 = absent · 1 = asserted, no support · 2 = thin · 3 = adequate · 4 = strong · 5 = exceptional
A9: Before you score anything
A10: 1. Declare conflicts. If you know an entrant, or taught them, or their team approached you for work, put Yes in 'Conflict' and leave their scores empty. Someone else scores that row.
A11: 2. Score the shortlist blind. Names and universities are stripped before this sheet reaches you; do not go looking for them.
A12: 3. Automated scores are advisory. They decided who reached you, not who wins.
A14: The verification log is not optional
A15: For every finalist, call a random 10% of the people they logged as interviewed. The log tab records who was called, who answered, and whether the interview happened. An entry with a fabricated interview is disqualified, not down-scored — and that was announced before entries opened.
A17: Sheets
... A22: VOCAB — the dropdown values. Edit here, not in the columns.

Sheet RUBRIC
A1: Published rubric
A2: Identical to the criteria shown to entrants
A4: Pillar | B4: Weight | C4: What earns the marks
A5: Evidence | B5: 0.3 | C5: Real conversations with real people, logged — and how much their answers changed your mind
A6: Built and tested | B6: 0.2 | C6: A prototype and a manual MVP actually put in front of users, and what came back
A7: Depth of mission completion | B7: 0.2 | C7: Fifteen missions answered at depth, not fifteen one-line answers
A8: Problem clarity and model coherence | B8: 0.15 | C8: A specific person with a specific problem, and a business model that follows from the evidence rather than preceding it
A9: Pitch and answers | B9: 0.15 | C9: Finals only: clarity under questioning
A10: Total | B10: =SUM(B5:B9)

Sheet SCORESHEET
A1: Scoresheet
A2: Score 0–5 per pillar. The weighted total is a formula.
A4: Entry ID | B4: Judge | C4: Conflict | D4: Evidence | E4: Built and tested | F4: Depth of mission completion | G4: Problem clarity and model coherence | H4: Pitch and answers | I4: Weighted total | J4: Decision | K4: Note
A5: MZ-0001 | B5: Judge A | C5: No | D5: 4 | E5: 3 | F5: 4 | G5: 3 | I5: =IF(COUNT(D5:H5)=0,"",D5/5*RUBRIC!$B$5+E5/5*RUBRIC!$B$6+F5/5*RUBRIC!$B$7+G5/5*RUBRIC!$B$8+H5/5*RUBRIC!$B$9) | J5: Shortlist | K5: EXAMPLE ROW — delete before use.
I6: =IF(COUNT(D6:H6)=0,"",D6/5*RUBRIC!$B$5+E6/5*RUBRIC!$B$6+F6/5*RUBRIC!$B$7+G6/5*RUBRIC!$B$8+H6/5*RUBRIC!$B$9)
I7: =IF(COUNT(D7:H7)=0,"",D7/5*RUBRIC!$B$5+E7/5*RUBRIC!$B$6+F7/5*RUBRIC!$B$7+G7/5*RUBRIC!$B$8+H7/5*RUBRIC!$B$9)
I8: =IF(COUNT(D8:H8)=0,"",D8/5*RUBRIC!$B$5+E8/5*RUBRIC!$B$6+F8/5*RUBRIC!$B$7+G8/5*RUBRIC!$B$8+H8/5*RUBRIC!$B$9)
I9: =IF(COUNT(D9:H9)=0,"",D9/5*RUBRIC!$B$5+E9/5*RUBRIC!$B$6+F9/5*RUBRIC!$B$7+G9/5*RUBRIC!$B$8+H9/5*RUBRIC!$B$9)
I10: =IF(COUNT(D10:H10)=0,"",D10/5*RUBRIC!$B$5+E10/5*RUBRIC!$B$6+F10/5*RUBRIC!$B$7+G10/5*RUBRIC!$B$8+H10/5*RUBRIC!$B$9)
I11: =IF(COUNT(D11:H11)=0,"",D11/5*RUBRIC!$B$5+E11/5*RUBRIC!$B$6+F11/5*RUBRIC!$B$7+G11/5*RUBRIC!$B$8+H11/5*RUBRIC!$B$9)
I12: =IF(COUNT(D12:H12)=0,"",D12/5*RUBRIC!$B$5+E12/5*RUBRIC!$B$6+F12/5*RUBRIC!$B$7+G12/5*RUBRIC!$B$8+H12/5*RUBRIC!$B$9)
I13: =IF(COUNT(D13:H13)=0,"",D13/5*RUBRIC!$B$5+E13/5*RUBRIC!$B$6+F13/5*RUBRIC!$B$7+G13/5*RUBRIC!$B$8+H13/5*RUBRIC!$B$9)
I14: =IF(COUNT(D14:H14)=0,"",D14/5*RUBRIC!$B$5+E14/5*RUBRIC!$B$6+F14/5*RUBRIC!$B$7+G14/5*RUBRIC!$B$8+H14/5*RUBRIC!$B$9)
I15: =IF(COUNT(D15:H15)=0,"",D15/5*RUBRIC!$B$5+E15/5*RUBRIC!$B$6+F15/5*RUBRIC!$B$7+G15/5*RUBRIC!$B$8+H15/5*RUBRIC!$B$9)
I16: =IF(COUNT(D16:H16)=0,"",D16/5*RUBRIC!$B$5+E16/5*RUBRIC!$B$6+F16/5*RUBRIC!$B$7+G16/5*RUBRIC!$B$8+H16/5*RUBRIC!$B$9)
I17: =IF(COUNT(D17:H17)=0,"",D17/5*RUBRIC!$B$5+E17/5*RUBRIC!$B$6+F17/5*RUBRIC!$B$7+G17/5*RUBRIC!$B$8+H17/5*RUBRIC!$B$9)
... I124: =IF(COUNT(D124:H124)=0,"",D124/5*RUBRIC!$B$5+E124/5*RUBRIC!$B$6+F124/5*RUBRIC!$B$7+G124/5*RUBRIC!$B$8+H124/5*RUBRIC!$B$9)

Sheet SHORTLIST
A1: Demo Day shortlist
A2: Ten pitches. Pitch scores are added on the day.
A4: Rank | B4: Entry ID | C4: Team | D4: Governorate | E4: Pre-pitch total | F4: Pitch score (0–5) | G4: Final total | H4: Verification cleared | I4: Outcome
A5: 1 | G5: =IF(COUNT(E5:F5)<2,"",E5*0.85+F5/5*0.15)
A6: 2 | G6: =IF(COUNT(E6:F6)<2,"",E6*0.85+F6/5*0.15)
A7: 3 | G7: =IF(COUNT(E7:F7)<2,"",E7*0.85+F7/5*0.15)
A8: 4 | G8: =IF(COUNT(E8:F8)<2,"",E8*0.85+F8/5*0.15)
A9: 5 | G9: =IF(COUNT(E9:F9)<2,"",E9*0.85+F9/5*0.15)
A10: 6 | G10: =IF(COUNT(E10:F10)<2,"",E10*0.85+F10/5*0.15)
A11: 7 | G11: =IF(COUNT(E11:F11)<2,"",E11*0.85+F11/5*0.15)
A12: 8 | G12: =IF(COUNT(E12:F12)<2,"",E12*0.85+F12/5*0.15)
A13: 9 | G13: =IF(COUNT(E13:F13)<2,"",E13*0.85+F13/5*0.15)
A14: 10 | G14: =IF(COUNT(E14:F14)<2,"",E14*0.85+F14/5*0.15)
A16: Final total re-weights the pre-pitch score to 85% and the pitch to 15%, matching the published rubric.

Sheet VERIFICATION LOG
A1: Interview verification
A2: A random 10% of each finalist's logged interviewees. Announced before entries opened.
A4: Entry ID | B4: Interviewee first name | C4: City | D4: Date logged | E4: Called on | F4: Reached | G4: Interview confirmed | H4: Caller | I4: Note
A66: 'Interview confirmed = No' is a disqualification question, not a scoring one. Escalate before acting.

Sheet VOCAB
A1: Yes / No | B1: Decision | C1: Outcome | D1: Confirmed
A2: Yes | B2: Shortlist | C2: First | D2: Confirmed
A3: No | B3: Hold | C3: Second | D3: Not reached
B4: Reject | C4: Third | D4: Denies interview
B5: Disqualify | C5: Finalist | D5: Unclear
C6: Withdrawn
